weekday,count,mean,std,min,25%,50%,75%,max
0,353.0,2.2804532577903682,3.6498891357224315,0.0,0.0,1.0,3.0,28.0
1,354.0,2.652542372881356,3.9787903381375442,0.0,0.0,1.0,3.0,31.0
2,354.0,2.810734463276836,8.036799076894875,0.0,0.0,1.0,3.0,132.0
3,354.0,2.709039548022599,5.330183195658605,0.0,0.0,1.0,3.0,57.0
4,354.0,2.7711864406779663,4.0319074776691215,0.0,0.0,1.0,3.0,32.0
5,354.0,0.011299435028248588,0.12988120809022896,0.0,0.0,0.0,0.0,2.0
6,353.0,0.0,0.0,0.0,0.0,0.0,0.0,0.0
