weekday,count,mean,std,min,25%,50%,75%,max
0,353.0,5.356940509915014,4.705239311295921,0.0,2.0,5.0,7.0,48.0
1,354.0,7.607344632768362,9.171704995934501,0.0,4.0,6.0,9.75,133.0
2,354.0,6.757062146892656,4.8737916624463296,0.0,3.0,6.0,9.0,28.0
3,354.0,6.268361581920904,4.630697440026658,0.0,3.0,5.0,9.0,32.0
4,354.0,5.593220338983051,4.464979793632385,0.0,3.0,4.0,7.0,40.0
5,354.0,2.2457627118644066,2.3209958325216773,0.0,1.0,2.0,3.0,16.0
6,353.0,0.09631728045325778,0.4607467150298143,0.0,0.0,0.0,0.0,6.0
